,File ID,Fault type,Fault resistance,Incidence angle,Fault location,Fault distance,Pen,Feature 0,Feature 1,Feature 2,Feature 3,Feature 4,Feature 5,Feature 6,Feature 7,Feature 8,Feature 9
0,280,4,0.001,0.1,1,0.0,10,-5.129766996102793,5.437001339049456,0.062391089311319724,8.751362223573128,2.9582701403984606,0.19303342357570863,1.993035786927244,0.05121715609491891,0.1365429385501636,0.029443947566389635
1,311,4,0.001,45.1,1,0.0,10,-4.395214197500572,5.077323383487496,0.051974861031823055,5.014587575276519,2.239327482811864,0.0074198448438051725,1.3831097232535947,0.00018846611760317715,0.018890897197309173,0.0017137282159171501
2,342,4,0.001,90.1,1,0.0,10,-4.404051215736851,4.88922616935049,0.049969373136712174,5.059111456344167,2.249246864251269,0.0038004065766414365,1.2784323844983396,0.00010727874183659119,0.010219329752812143,0.0009496467995825146
3,1210,4,10.0,0.1,1,0.0,10,-9.51523815617566,5.295502276604223,6.389666312779425,40.8278353594001,6.389666294838886,8507.402176280399,20903.851745060856,63.78097331254054,27.004342489230805,19.807368789309006
4,1241,4,10.0,45.1,1,0.0,10,-6.060976458092647,5.060670998249478,0.06028960428499934,9.848476097892148,3.13822817811136,0.2416940150990569,1.8610362236683846,0.06006782907383217,0.08431032188130799,0.014992236378187614
5,1272,4,10.0,90.1,1,0.0,10,-5.989384438772249,5.304920832284788,0.0530025060881696,9.527420752079134,3.0866520296397413,0.001515173933261311,1.438344013385864,0.0027485473422125717,0.0298744471092492,0.0038797254239223943
6,2140,4,25.0,0.1,1,0.0,10,-10.94444079886253,4.8533343229121835,5.809420269729577,33.749363829876245,5.809420266246559,779.4886070885648,17279.67428271811,7.4782302318537415,2.365272347303268,1.8477986499812624
7,2171,4,25.0,45.1,1,0.0,10,-10.812273313557807,4.890794060911697,5.654650870533856,31.975076428442282,5.654650867068831,770.0914928442642,16371.23913318561,7.761845128660358,2.540046271117704,1.9496673712763033
8,2202,4,25.0,90.1,1,0.0,10,-6.833519531462544,4.928572701874756,0.05507519406105629,9.86152198684317,3.140306033946878,0.01796219191335053,1.5530378236146887,0.009989260903492198,0.016964894231005827,0.010986664833310001
9,3070,4,40.0,0.1,1,0.0,10,-5.305401462171433,5.4379115021392455,0.056066629975592246,9.848186598447427,3.1381820531077267,0.11735291861315746,1.6094551003173707,0.06904436752121314,0.024772703319724296,0.015861224333883525
10,3101,4,40.0,45.1,1,0.0,10,-5.311406670402954,5.489184035909396,0.05923248032592175,9.859207825819693,3.1399375512611223,0.19248233225693326,1.7963452011051946,0.14116640777117576,0.04716256940988397,0.021280449736409777
11,3132,4,40.0,90.1,1,0.0,10,-5.300725878846986,5.4817673262969935,0.05841948091559803,9.798866741827897,3.1303141602446067,0.1720605678824165,1.7473719019151766,0.12057997513005313,0.04064751737026826,0.01989300611538162
12,4000,4,50.0,0.1,1,0.0,10,-6.049775684431886,5.457025719268039,0.043457350273162616,9.744899368489387,3.1216821376446044,0.11189727030238522,0.9669331400318991,0.0015284053634276454,0.058399966631225944,0.014712466719208867
13,4031,4,50.0,45.1,1,0.0,10,-6.065636383950598,5.414479558021025,0.04316003076160767,9.86295287328375,3.1405338516379264,0.07119908237102142,0.9537475853992117,0.0005044058138437673,0.05117692372613848,0.011599019747571025
14,4062,4,50.0,90.1,1,0.0,10,-6.036099730590914,5.478862656881974,0.04437297107132312,9.63901185050756,3.104675804413008,0.16799208629579584,1.008107805128686,0.0038903599028367285,0.06060708993174751,0.016128078187662334
15,281,4,0.001,0.1,2,1760.3,10,-6.837968420716045,5.383813178744991,0.04084875329497702,9.832375519282474,3.135661894924654,0.06434387038586853,0.8543337690662607,0.003913907472813728,0.08744629511438796,0.012548174250425065
16,312,4,0.001,45.1,2,1760.3,10,-6.842993334689293,5.371271337963759,0.041797020589531386,9.86654650429418,3.1411059364965994,0.04410293693997406,0.8944593549191235,0.0027978196545739346,0.06681058529679389,0.008748688866805911
17,343,4,0.001,90.1,2,1760.3,10,-6.841542321407535,5.378615054784362,0.04263992712424761,9.835448837529498,3.136151915569381,0.030588793797436058,0.9308996520711258,0.002587037530143073,0.05168872055821486,0.006037063743938466
18,1211,4,10.0,0.1,2,1760.3,10,-5.315715617661143,5.465922325560001,0.06788381180474658,9.8576346846383,3.1396870360974356,0.2936522959137902,2.359404492510812,0.036649980776948005,0.1702509428189336,0.036178491601135475
19,1242,4,10.0,45.1,2,1760.3,10,-5.311753449093692,5.443890527107984,0.0640514813496843,9.860498624636445,3.1401430898346727,0.19529680734647598,2.1005272363074097,0.018431812722295365,0.13432465444048908,0.026651313339286414
20,1273,4,10.0,90.1,2,1760.3,10,-5.307929305752236,5.4397586872536685,0.061823527353088076,9.853630615055097,3.139049317079153,0.14450851027659595,1.9569400475104242,0.010462257945094044,0.10938943162001485,0.01951332504687418
21,2141,4,25.0,0.1,2,1760.3,10,-6.085277047133195,5.425749667867689,0.0633066672198473,9.835790361601434,3.1362063646388822,0.654754293558425,2.051959860278485,0.12083529685339225,0.21908645791403625,0.032666263518235754
22,2172,4,25.0,45.1,2,1760.3,10,-6.09009172283119,5.426791382897452,0.06303784611612746,9.869096309804739,3.1415117873095335,0.6369070327281398,2.034570255765856,0.11712105392576933,0.21502414174873036,0.03205761845136117
23,2203,4,25.0,90.1,2,1760.3,10,-6.082841433792485,5.402686659975037,0.05904115310495303,9.867051182034828,3.1411862698723914,0.4113617105165283,1.7847591683024282,0.07411935776719797,0.15105534112045813,0.02345343648865324
24,3071,4,40.0,0.1,2,1760.3,10,-6.323776260414425,5.4110384782878995,0.07144319917025357,6.835401388947634,2.6144600568659744,1.2065926796517463,2.6133149105610674,0.2835023750970758,0.3554150936757114,0.05355561460774406
25,3102,4,40.0,45.1,2,1760.3,10,-6.44252484824754,5.366693566079748,0.062483545467641406,7.4837091216380855,2.735636876787211,0.5942961270510867,1.9989470417110005,0.14094440905506492,0.2191813535718753,0.03206029582210988
26,3133,4,40.0,90.1,2,1760.3,10,-6.435339189703452,5.3657283109426,0.06221748287997682,7.468178531930956,2.732796833270076,0.5746864779033368,1.9819597633816797,0.13644427157423036,0.21524009055544377,0.03155785144102174
27,4001,4,50.0,0.1,2,1760.3,10,-47.54612243924574,4.88534359953672,45.11355815234375,2035.2331291649011,45.11355815234375,1042039.36213243,334576.2486724072,1202.6269659484913,420.2064089607322,184.01058598001427
28,4032,4,50.0,45.1,2,1760.3,10,-19.923326489547925,5.299874754691794,17.37660529296875,301.9464115076296,17.37660529296875,154596.56269190612,91338.9521777072,764.4063725729914,304.6032138016673,181.15800550921026
29,4063,4,50.0,90.1,2,1760.3,10,-13.417720710358836,5.34448780582101,10.918976264453125,119.22404266369072,10.918976264453125,61042.7098438099,49789.69940077905,436.7399381850002,175.50245863546917,110.91835696763874
30,282,4,0.001,0.1,3,3520.7,10,-5.292931463576478,3.506358900712478,0.045612719965758476,9.863606067981273,3.1406378441299583,2.338744629634869e-05,1.0652263539565545,7.848395444406067e-05,0.00037446234414808974,3.4157611715761926e-05
31,313,4,0.001,45.1,3,3520.7,10,-41.67644427229866,4.93330366024501,38.4677374296875,1479.766822959381,38.4677374296875,757640.6133552038,354025.3871820284,1203.0992709189215,163.72480612619896,130.0911977012482
32,344,4,0.001,90.1,3,3520.7,10,-16.866022416528025,5.225674485909107,13.651722795192601,186.36953429612433,13.651722759275634,37055.262716643185,95421.20172774896,249.52785172763,46.182974303521895,51.63302005386504
33,1212,4,10.0,0.1,3,3520.7,10,-5.890669353535342,2.14701940651826,0.045529428280036956,8.86283761688043,2.9770518330859526,4.837771630340077e-05,1.061339565791161,0.00015249270264601898,0.0002695834932775412,0.00020451618870205525
34,1243,4,10.0,45.1,3,3520.7,10,-5.891415130708456,2.14014446504778,0.0455218312578924,8.867281564885408,2.977798106803987,4.822154713823883e-05,1.0609854059528778,0.000150059192553961,0.00026214762505965286,0.00020210406172573747
35,1274,4,10.0,90.1,3,3520.7,10,-29.73200509566903,4.847478788853076,25.842227510274235,667.8207209823704,25.842227477181034,47098.76866284757,341924.20936239895,382.49641188932566,77.6309276708617,47.349031648971994
36,2142,4,25.0,0.1,3,3520.7,10,-6.839899486187509,3.2182530957638016,0.04543992665852011,9.860066054368788,3.140074211602138,3.307937562140539e-05,1.0571709105243328,0.00014132732035136,0.00017878519687879386,0.0001564976563449719
37,2173,4,25.0,45.1,3,3520.7,10,-6.839564479561616,3.212675939629575,0.04542837213536286,9.857954502692364,3.1397379672024166,3.3402329919687066e-05,1.0566333413157958,0.00013707989891143427,0.00017467952933763477,0.00015192816780148285
38,2204,4,25.0,90.1,3,3520.7,10,-6.839356122849682,3.2119589425369757,0.0454207314841504,9.856630796463506,3.1395271612877482,3.404598815784512e-05,1.0562779384036258,0.0001349631390531281,0.00017185601060354025,0.00014924943217759106
39,3072,4,40.0,0.1,3,3520.7,10,-5.184365234742328,1.9085010460266878,0.04620218135474351,9.190600103599055,3.031600254584871,0.00024030370300880038,1.0929364796266952,6.332537132212484e-05,0.000244469009485433,4.733190796483721e-05
40,3103,4,40.0,45.1,3,3520.7,10,-5.176136580352055,2.024556552673774,0.04624707267506425,9.140655838000248,3.0233517555852227,0.0002544268884475782,1.0950613661898687,6.530316998932311e-05,0.0002635749343537822,5.113841881704243e-05
41,3134,4,40.0,90.1,3,3520.7,10,-5.180310019276034,1.9680473779437735,0.04622587955086775,9.165960754374776,3.0275337742748265,0.00024827128103260907,1.0940579533218453,6.42747267585106e-05,0.00025487762797341614,4.950223283630961e-05
42,4002,4,50.0,0.1,3,3520.7,10,-5.916589929725896,4.059837466342911,0.04626399486242667,9.017101476262482,3.0028488933448654,9.506748487032913e-05,1.0958628969286253,8.251531821135584e-05,0.0004392370839372142,3.947876190138279e-05
43,4033,4,50.0,45.1,3,3520.7,10,-5.914853869239298,4.058565077845229,0.046261912004222305,9.006681487299513,3.0011133746160796,9.482858656702703e-05,1.095764225136342,8.241766072463883e-05,0.000438043778962874,3.9384409916726174e-05
44,4064,4,50.0,90.1,3,3520.7,10,-5.952952924274783,4.1108329243124615,0.04630975249239856,9.236742954670396,3.039201038870314,9.991483830632879e-05,1.0980317060309521,8.467220518233291e-05,0.0004694039130161122,4.201630788701998e-05
45,284,4,0.001,0.1,5,4000.5,10,-5.91836060834238,2.1739798377083615,0.04554101882364697,9.028606991104336,3.0047640491566616,4.200478535430071e-05,1.0618800104475874,0.00018007583349106376,0.0005108294050894691,0.00029184954204525157
46,315,4,0.001,45.1,5,4000.5,10,-5.954500025300842,3.8661948968713915,0.04694575322163117,9.244549266184794,3.0404850379807487,0.0002543724436288618,1.1283987175933956,0.0011297123532726335,0.005597794900220691,0.0018667353824763087
47,346,4,0.001,90.1,5,4000.5,10,-5.922373234119938,2.6948956150289005,0.045707089805810085,9.052266759042006,3.0086985158107824,6.805670803265777e-05,1.0696386858975184,0.0002924315619560791,0.0009095975111848778,0.0005199106327977456
48,1214,4,10.0,0.1,5,4000.5,10,-6.837118198358583,3.1357827493227326,0.045399035642070595,9.842709249691575,3.1373092371794615,2.896955171353783e-05,1.0552690877934638,0.00017832601447437577,0.0003638124119212786,0.00024775077743893574
49,1245,4,10.0,45.1,5,4000.5,10,-6.838558963654698,3.089792052618571,0.04536471364676383,9.851715657850328,3.1387442804169834,3.0380076132840037e-05,1.0536741089933879,0.0001614931511978022,0.00033132573948769476,0.0002240801447981609
50,1276,4,10.0,90.1,5,4000.5,10,-6.790551045288355,3.918399841212657,0.04651979588894752,9.551593423837684,3.0905652272420467,8.806229177502066e-05,1.1080148014515803,0.0016703252982825092,0.0028728639378685153,0.001742296442182587
51,2144,4,25.0,0.1,5,4000.5,10,-5.058692622149103,3.0858070739565084,0.046581304545019624,8.443409083916775,2.9057544775697712,0.00037713623847623163,1.1109467816481096,9.69998968256054e-05,0.0006732881257111507,0.00010701624502959084
52,2175,4,25.0,45.1,5,4000.5,10,-5.0635797281601205,3.006195178757123,0.046499560857859994,8.47199846286815,2.910669761905007,0.00035277829239990603,1.1070510898056651,8.895705256881946e-05,0.0005984987971863124,9.833349287213518e-05
53,2206,4,25.0,90.1,5,4000.5,10,-5.071617071764262,2.9138842287663422,0.04641919083679831,8.519054716429476,2.91874197496618,0.00032376199027628273,1.1032275342121445,8.237101192694939e-05,0.00052831473912086,9.058797293688368e-05
54,3074,4,40.0,0.1,5,4000.5,10,-5.831306916315134,4.749804559112963,0.047259310222931304,8.511296054434014,2.9174125615747277,0.00017475396622736202,1.143522510172142,0.00011333975642099582,0.0016481808148667793,0.00014444744275813438
55,3105,4,40.0,45.1,5,4000.5,10,-5.889408641967895,4.495345031301497,0.046716162765695894,8.854325230776208,2.9756218225399893,0.00011634227706749924,1.1173887301029968,7.893427999329328e-05,0.0009798659980278786,8.619407319252517e-05
56,3136,4,40.0,90.1,5,4000.5,10,-5.814268001595373,4.440978588983811,0.046626641385847004,8.412833596722953,2.9004885100139517,0.00011279284276072274,1.113110367667758,7.420764664364815e-05,0.0008760458051717913,7.728582631347338e-05
57,4004,4,50.0,0.1,5,4000.5,10,-6.839740654249027,3.980251478609857,0.04863899381187818,9.85917248055678,3.139931922917562,2.8913593213228396e-05,1.2112648800280588,0.0004225978114743073,0.003104565355672216,0.0007588207433171622
58,4035,4,50.0,45.1,5,4000.5,10,-6.8377329774612745,3.5788740130213954,0.047478063817525194,9.84627067739841,3.1378767785555906,4.161804271642557e-05,1.1541332703661138,0.00029211046484041875,0.001381450697486064,0.00044427998851338655
59,4066,4,50.0,90.1,5,4000.5,10,-6.835235980598265,3.2719956990374763,0.04688228875948756,9.830840263676942,3.1354170797003933,3.144122086201282e-05,1.1253498875845425,0.00020607723699987395,0.0007648051207733247,0.00028691533859106377
60,285,4,0.001,0.1,6,4309.7,10,-5.109582636261239,5.386936850175777,0.05118905224050071,8.722544233054958,2.9533953736428447,0.008637684596525173,1.3416033624599428,0.0052183330494909004,0.02504296379330628,0.0029722294574147097
61,316,4,0.001,45.1,6,4309.7,10,-5.106487001446165,4.023391071738862,0.046089591482835056,8.724452219472921,2.953718371726208,0.000242870793943057,1.0876162266502194,0.00042547534940266444,0.0028467277207173606,0.0002969418418612041
62,347,4,0.001,90.1,6,4309.7,10,-5.255276803289035,3.7396855008948755,0.045849915897102564,9.62693327938186,3.1027299720378276,0.00011163160729001239,1.0763339712052198,0.00023961500447725314,0.0012466178860763802,0.00015167370344444075
63,1215,4,10.0,0.1,6,4309.7,10,-5.9889590422807455,5.4133098088739215,0.04732213759841732,9.47921494448728,3.0788333739400837,0.042438784384173256,1.1465649691348707,0.004747323858145545,0.034743700943984865,0.003819174021130104
64,1246,4,10.0,45.1,6,4309.7,10,-5.907337189817485,5.328477263666727,0.04746880233709004,8.99080715370428,2.9984674675080734,0.03153747768619129,1.153683043342896,0.004095053024833065,0.025125171961667653,0.00405583620755201
65,1277,4,10.0,90.1,6,4309.7,10,-5.954476953209429,3.6047583037461948,0.045412795920670525,9.241527051973112,3.039988001945585,0.0007114829408642017,1.0559088810448896,0.0008818174938356271,0.0019563180701468222,0.0006342068538835102
66,2145,4,25.0,0.1,6,4309.7,10,-6.664037507358152,5.405285769144535,0.048872091290167535,8.825390133701118,2.970755818592487,0.018378165845724898,1.222902428305083,0.00048090224046450325,0.04241492812772108,0.004172050335637704
67,2176,4,25.0,45.1,6,4309.7,10,-6.7344617177339625,5.410705883460016,0.04861132318609102,9.24493432056432,3.0405483585307964,0.022457769156705144,1.2098870988111146,0.0008148225662744956,0.04518868583621655,0.004768542561988338
68,2207,4,25.0,90.1,6,4309.7,10,-6.666445751782678,5.3936437927368495,0.04928163678650718,8.845937246969136,2.974212037997482,0.012511122047796764,1.2434840181527287,0.0004886357123404979,0.0387112738326367,0.0034920118758804634
69,3075,4,40.0,0.1,6,4309.7,10,-5.150128131001457,5.509492424180996,0.09028812155494835,8.740560027188126,2.9564438143127507,0.8862351334200297,4.173795784762686,1.052884221617417,0.23324353397401773,0.16769086429770633
70,3106,4,40.0,45.1,6,4309.7,10,-5.148914178834637,5.509049874999011,0.08679808310110985,8.740334532757233,2.9564056779740553,0.8368497972071677,3.8573605011695333,0.916481091046673,0.21525864919223303,0.14606482071117322
71,3137,4,40.0,90.1,6,4309.7,10,-5.149767577426097,5.50932676485874,0.08929003482780622,8.74027692198479,2.956395934577233,0.8729643676877531,4.082027682822295,1.0130584183448506,0.2276334223133556,0.16141092715158825
72,4005,4,50.0,0.1,6,4309.7,10,-5.943504964588188,5.495096567828603,0.09441525268564552,8.744630770406465,2.957132186833464,3.7298497684028464,4.564090825500247,0.9220324109228816,0.12642143135194636,0.11639568030443449
73,4036,4,50.0,45.1,6,4309.7,10,-5.936122940898571,5.493583227160376,0.0867220286331878,8.74712661522126,2.9575541609954095,3.0789636115284647,3.850603627886778,0.7274885720093947,0.10975865611172737,0.09328127177379837
74,4067,4,50.0,90.1,6,4309.7,10,-5.93218888916034,5.492441268816512,0.08306558273986617,8.748240105909371,2.9577424001946775,2.760319034920258,3.532744191753445,0.6331773309321674,0.10287700823198942,0.08120862870986553
75,287,4,0.001,0.1,8,4059.2,10,-6.0175700886887995,5.297595226014563,0.04582193649338939,9.611806007832229,3.100291277901518,0.008064211045838309,1.0750207300417047,0.0013095511875473038,0.0034210688893225195,0.003605549927207464
76,318,4,0.001,45.1,8,4059.2,10,-6.049027744859078,5.263610890801214,0.04577809128894654,9.808147536359176,3.1317962156499224,0.00787320675520198,1.0729644244068688,0.0012634222034114708,0.0033250755960582525,0.003387546054515266
77,349,4,0.001,90.1,8,4059.2,10,-6.013077322433136,5.310065413290927,0.04588854811216739,9.583973524263468,3.095799335270855,0.008060864241124312,1.078148529768639,0.0013150929509570324,0.0035453420677508366,0.0037544154408456413
78,1217,4,10.0,0.1,8,4059.2,10,-6.839191452857992,5.331092144800541,0.04564716449481279,9.834926077697432,3.1360685703117896,0.008096826461803501,1.0668357763009462,0.0020708600073701864,0.01453543747106774,0.0014215885669649903
79,1248,4,10.0,45.1,8,4059.2,10,-6.835333738036276,5.322109238072299,0.04563344481641649,9.826912529503026,3.13479066757304,0.0076357948097257565,1.0661945779266069,0.0019872614954168444,0.01377487716486434,0.0013394983907549464
80,1279,4,10.0,90.1,8,4059.2,10,-6.835388444231436,5.310105565871934,0.045611006537309456,9.812480664631035,3.132487935273021,0.007244447234803,1.0651463252836197,0.0019468923764855157,0.013097535542907072,0.001270404925284454
81,2147,4,25.0,0.1,8,4059.2,10,-5.291931616459949,5.327555408985399,0.05165499053678318,9.84271596685552,3.137310307708742,0.0033069001769128184,1.3661378800952597,0.0012008197467790187,0.013579095871879486,0.0031982180093323245
82,2178,4,25.0,45.1,8,4059.2,10,-5.293435316303799,5.3575555632843574,0.05133335922947896,9.852079293477866,3.1388022068104044,0.00333768183207633,1.3491782499638505,0.0010506386216794783,0.01218208991660057,0.0028059518647669123
83,2209,4,25.0,90.1,8,4059.2,10,-5.293172474044619,5.346168000764636,0.05122317491665256,9.850416301843062,3.1385372869926305,0.003343115803898073,1.3433925878748585,0.0009161634950444893,0.011568946780044328,0.0025538665802563114
84,3077,4,40.0,0.1,8,4059.2,10,-5.976404292933516,5.1179125702678565,0.049808711304027996,9.362959803897374,3.0598953910056097,0.005238850438555587,1.2702247531128608,7.515142454985426e-05,0.007455075658539675,0.0011829625547698887
85,3108,4,40.0,45.1,8,4059.2,10,-5.982894124456546,5.132888881904049,0.049898323298272686,9.40227664450277,3.06631320065364,0.005477416829489515,1.2747994455664704,7.803220150853097e-05,0.007620642108101095,0.0012014559028392792
86,3139,4,40.0,90.1,8,4059.2,10,-6.051621765264095,5.051149300791295,0.04969758090496627,9.82955593209922,3.135212262686407,0.0051732392707318,1.264562968053003,8.116050244975443e-05,0.007005237883810007,0.0011138790706688487
87,4007,4,50.0,0.1,8,4059.2,10,-6.837497281766448,5.006105709213195,0.04910713754154399,9.834357333731516,3.1359778911420144,0.0019434816982395239,1.2346936099902932,0.0003551847746177489,0.006764212333621214,0.0018704007795114072
88,4038,4,50.0,45.1,8,4059.2,10,-6.8351281910133554,5.269679332716878,0.050649662155529025,9.816289410363721,3.133095818892828,0.003101641584511986,1.3134787972201765,0.0009209091981406426,0.009842807977152054,0.002095741600335481
89,4069,4,50.0,90.1,8,4059.2,10,-6.841015418671342,5.256798785573547,0.050780084462573157,9.85307447919622,3.1389607323437834,0.0031581361236564954,1.3202518924122872,0.0009697894471401982,0.010128728499739531,0.0021110117947507924
90,280,4,0.001,0.1,1,0.0,50,-5.132309557466243,4.620271163137506,0.28967466002897563,8.794627569867762,2.9655737336757895,1.017659020355268,42.96264119981181,0.005319131137377306,0.27168715837199475,0.03391538667891181
91,311,4,0.001,45.1,1,0.0,50,-5.041803080145624,4.423659918717979,0.26668675387136953,8.420480589787596,2.9018064356168893,0.16301592874879575,36.414374224799495,0.01855285350079927,0.0654769241131759,0.007294369509042502
92,342,4,0.001,90.1,1,0.0,50,-5.233641811599361,3.966528190567783,0.2593948906370784,9.602178560303058,3.098738220680001,0.08323782583194168,34.450283144291305,0.009058441239107524,0.03609894944861006,0.0037514381821262366
93,1210,4,10.0,0.1,1,0.0,50,-9.414183923916216,5.287698710365964,6.2653167772015115,39.25419409706269,6.265316759515251,8151.695450413995,20098.14741800287,56.082483333733805,22.543088639074185,17.91239080242388
94,1241,4,10.0,45.1,1,0.0,50,-5.997773622969816,4.978654586425144,0.2887126341498762,9.503834667864952,3.0828290039937265,0.8923577554814991,42.67775234817957,0.030323589136121765,0.3111759502978343,0.03958113159062508
95,1272,4,10.0,90.1,1,0.0,50,-5.283162267250322,5.0443005344369425,0.26888277395145455,5.626067600193117,2.3719333043306925,0.06911339223390221,37.01654841484914,0.05448113261793823,0.13801845354627507,0.015297109254346221
96,2140,4,25.0,0.1,1,0.0,50,-10.840462263018727,4.933889400908608,5.692397385622699,32.403387956774225,5.692397382190936,811.538905840876,16590.534635075033,9.659688872444482,2.5773148801209786,2.320022228928502
97,2171,4,25.0,45.1,1,0.0,50,-10.707436939343804,4.96257070830999,5.539647481126556,30.687694177350497,5.539647477714669,800.4147762483518,15712.099420022902,9.844925910329229,2.7396620302978234,2.403470818880006
98,2202,4,25.0,90.1,1,0.0,50,-6.78937660783313,5.207392645191215,0.2822292878619461,9.543974503548304,3.0893323718156815,0.04010799568269862,40.782525899784616,0.14414002278684615,0.06296477573696292,0.03072695445914217
99,3070,4,40.0,0.1,1,0.0,50,-5.354044313788648,5.118142585630947,0.2914499536518558,9.865426960711561,3.1409277229365786,0.8894743308089763,43.49085460878621,0.09045342500324953,0.10110143738996707,0.02131919369346438
100,3101,4,40.0,45.1,1,0.0,50,-5.359754371138641,5.219244708082894,0.2978422456327233,9.859916617410226,3.140050416380321,1.1928451340049053,45.419521635851446,0.153332968036545,0.14765663872837426,0.02762160088224248
101,3132,4,40.0,90.1,1,0.0,50,-5.349283012296958,5.20679126100447,0.29628166815626733,9.804488362173098,3.1312119637886378,1.1135020109585516,44.94480732164501,0.13537898578112076,0.13460861621656198,0.025853284959573886
102,4000,4,50.0,0.1,1,0.0,50,-6.062324135822168,4.813197563803534,0.2655906548985561,9.69316426524066,3.113384695992556,0.7838766415550967,36.11565871436354,0.05858819955218986,0.08040830672744577,0.018462906492192413
103,4031,4,50.0,45.1,1,0.0,50,-6.09113866652876,4.87746987419966,0.26376717374620606,9.853502804029658,3.1390289587752545,0.6211736159324291,35.62143841822216,0.06036885494478488,0.07530161234382629,0.0174404582654211
104,4062,4,50.0,90.1,1,0.0,50,-6.089079971017773,4.804482022881532,0.2671797019806042,9.86913730974354,3.141518312813653,0.9474621995000093,36.54911646757455,0.059043268204234375,0.08512650304502051,0.019387062693814055
105,281,4,0.001,0.1,2,1760.3,50,-6.842909832108716,5.3658747283991985,0.2695233623462807,9.83316435780486,3.1357876774113485,0.07889261743022272,37.1931355226538,0.13775638885630054,0.21481448011782583,0.06882671434019833
106,312,4,0.001,45.1,2,1760.3,50,-6.837461351078103,5.358946562490058,0.2684818022380368,9.809278407394215,3.131976757160598,0.058260784639916546,36.906228788234685,0.1372385456732859,0.17338194224619297,0.0543198163887615
107,343,4,0.001,90.1,2,1760.3,50,-6.83322949026604,5.347859341587433,0.2675281329764316,9.79169823536224,3.129168936852442,0.043743869187572414,36.644506575062564,0.13625838917135752,0.14232705492572817,0.0435335969647867
108,1211,4,10.0,0.1,2,1760.3,50,-5.3744034264148715,5.327870093007904,0.300187047563944,9.863944163408396,3.140691669586239,1.985661100548809,46.13747886996114,0.01906120491202357,0.2533808751404501,0.04488696402776721
109,1242,4,10.0,45.1,2,1760.3,50,-5.368652129671023,5.302148621966154,0.2942939828356564,9.868799172306272,3.1414644948345782,1.591409619046542,44.343781498391785,0.011902643636661547,0.22752550638964342,0.03899574703332109
110,1273,4,10.0,90.1,2,1760.3,50,-5.358692125819254,5.293200884884577,0.29035127634613633,9.835856441189602,3.1362168995765587,1.3337506171946283,43.1635781580606,0.011476229534154414,0.19947840272728923,0.03328141169578952
111,2141,4,25.0,0.1,2,1760.3,50,-6.050230678814465,5.030537790444521,0.2895209936340418,9.59422418008227,3.097454467798077,2.0456336255080063,42.917071701294574,0.02387648269856117,0.329318005898117,0.044421393307804695
112,2172,4,25.0,45.1,2,1760.3,50,-6.0801650298411545,5.0294679748311255,0.2892516823537322,9.582135707261399,3.0955024967299574,2.0085561213797742,42.83726625666344,0.02551803718474042,0.3226088301250951,0.043538479185027505
113,2203,4,25.0,90.1,2,1760.3,50,-6.030004763391292,4.98930270723232,0.2832953905447758,9.382783393493877,3.0631329376136907,1.4795629024806296,41.09121445509494,0.02723628082640953,0.24120607480520154,0.032419961584402426
114,3071,4,40.0,0.1,2,1760.3,50,-6.743822713109351,5.251104315272572,0.3069300505701251,9.244095859470107,3.040410475490128,2.471814818265328,48.23350059082266,0.033056550873480035,0.7421000493490003,0.07988554610177738
115,3102,4,40.0,45.1,2,1760.3,50,-6.808247888375794,5.374467476704275,0.30904556058406074,9.602554823479478,3.0987989324058245,0.6844621929167994,48.900689137547744,0.1397347534624029,0.8660148749002566,0.13872566923865956
116,3133,4,40.0,90.1,2,1760.3,50,-6.812135916768071,5.375065631200731,0.30862318707520886,9.610584347120458,3.1000942481028635,0.6669529913961011,48.76711503655055,0.13325347484271535,0.8510442592729498,0.136531344834493
117,4001,4,50.0,0.1,2,1760.3,50,-46.708640552473035,4.857074302937117,44.267502492187496,1959.611776895826,44.267502492187496,1003321.2297706606,321942.3804743415,810.4918687713642,246.73115491182133,130.21355484210412
118,4032,4,50.0,45.1,2,1760.3,50,-19.630281692880576,5.295304410252022,17.071923312499997,291.4505655878809,17.071923312499997,149222.68958099344,88430.81972563805,681.7300252167381,227.05336687536067,161.884029525675
119,4063,4,50.0,90.1,2,1760.3,50,-13.21636353617596,5.338265000822156,10.705652817460937,114.6110022480093,10.705652817460937,58680.83315098015,47825.3704740464,375.00849176848504,135.76367474094383,98.2581063003843
120,282,4,0.001,0.1,3,3520.7,50,-5.041369624802062,2.141605253206679,0.24385102881729676,8.225720971335697,2.8680517727781165,0.0018127846206450228,30.445222016920454,0.0019253078166548236,0.0013927122703162626,0.0001273307228911813
121,313,4,0.001,45.1,3,3520.7,50,-41.0092168387373,4.955938238446285,37.76888703515625,1426.4888278743936,37.76888703515625,730362.2798716971,342130.3911965529,955.0503223334654,102.42978482630976,113.48400726423719
122,344,4,0.001,90.1,3,3520.7,50,-16.557718203940013,5.2004174920891035,13.331663867534058,177.7332605614982,13.331663833201699,34771.536967629356,90999.42956223316,182.98158241219193,35.226682947812556,43.95840472934707
123,1212,4,10.0,0.1,3,3520.7,50,-5.934707079251455,2.696032651084675,0.24347564458554283,8.857039296520444,2.9760778377791874,0.001649537582737234,30.351559426967434,0.0028554732585693346,0.0013149259966558115,0.0004145099947373615
124,1243,4,10.0,45.1,3,3520.7,50,-5.94101711795799,2.671348242694206,0.24343393781612105,8.89471040518505,2.98240010816541,0.0016271323279882007,30.341162025014544,0.002818516483308468,0.0012743656884756434,0.00040749242073158826
125,1274,4,10.0,90.1,3,3520.7,50,-29.356806589374713,4.945827620944896,25.460305046928926,648.2271314448998,25.460305014765627,44093.667590212404,331892.2915022605,218.49971808675878,139.7987308342702,51.45900996860988
126,2142,4,25.0,0.1,3,3520.7,50,-6.788719125487972,3.2602027824816115,0.2433746406197755,9.646550895697688,3.1058897108071446,4.127683256302873e-05,30.326382435554663,0.003070807859255586,0.00017558590011074708,0.0004159687695763327
127,2173,4,25.0,45.1,3,3520.7,50,-6.788935459412229,3.227822580702875,0.24329873743258892,9.647754985613602,3.106083544532182,4.807794649569855e-05,30.30746912459868,0.002984430390395326,0.0001762800892129329,0.00040338033890931994
128,2204,4,25.0,90.1,3,3520.7,50,-6.7890590325971765,3.21386835961367,0.24325569156851706,9.64845063942289,3.1061955249827546,5.178442927399393e-05,30.296745716835712,0.002940637918001263,0.00017584149463482413,0.0003958369938682658
129,3072,4,40.0,0.1,3,3520.7,50,-5.263724474392376,0.5151718827734607,0.24383719692251157,9.546087654856011,3.0896743606496804,0.0034982492858777687,30.44176824259926,0.0018629180570796397,0.0005709413142451648,0.00011193494222504354
130,3103,4,40.0,45.1,3,3520.7,50,-5.267312883076299,0.5480842137512044,0.24398222549420018,9.567657023397247,3.093162948083603,0.003770536788408011,30.477991092586645,0.0019187291496023861,0.0006054175320329774,0.0001224685275053072
131,3134,4,40.0,90.1,3,3520.7,50,-5.262096178648505,0.5281743637713208,0.24391187505068426,9.53570103042919,3.087993042483935,0.003641610773556459,30.460417426656303,0.0018910708239490823,0.0005896941253469405,0.00011746589047410054
132,4002,4,50.0,0.1,3,3520.7,50,-6.0949865555297995,3.2828574489234414,0.24400635974986531,9.837209956385855,3.136432680034095,0.0015139229094991095,30.484021042008777,0.0023940202993894934,0.0018868040359203795,0.0002466609867892963
133,4033,4,50.0,45.1,3,3520.7,50,-6.097196974632256,3.2804222348751693,0.2439990556742736,9.8510956560533,3.138645512964677,0.0015096755573237649,30.48219605464487,0.002389529938551064,0.001880083260314744,0.00024568376016618115
134,4064,4,50.0,90.1,3,3520.7,50,-6.048992692424239,3.348048804389748,0.24415915451803424,9.550534770873353,3.0903939507566593,0.0015939551492021374,30.5222106799597,0.0024889099053166295,0.002031597350074711,0.0002673079290266533
135,284,4,0.001,0.1,5,4000.5,50,-5.976567873809815,2.737484637381473,0.24373872274991804,9.406439206668503,3.0669918823936433,0.0017128746701673666,30.417185263062976,0.0029861724157203805,0.0024842935620892253,0.0005201117772592168
136,315,4,0.001,45.1,5,4000.5,50,-5.8181495736928746,4.507035555164187,0.2525135358064362,8.155991995910053,2.8558697442127947,0.015182645163557268,32.646699911583376,0.018442436750333604,0.028031728979708334,0.0049830440266372044
137,346,4,0.001,90.1,5,4000.5,50,-5.929223763165904,3.3405106337834276,0.24511468583265572,8.820552033209887,2.9699414191545745,0.003068331621487671,30.76157911560603,0.00459282242864586,0.004318140409050289,0.0010422346341094023
138,1214,4,10.0,0.1,5,4000.5,50,-6.8237586441168405,3.323081437081407,0.243462125050574,9.798025809749209,3.1301798366466436,5.5019918875080086e-05,30.3481888416798,0.003636614102506887,0.0003820844796911073,0.0006866714889631031
139,1245,4,10.0,45.1,5,4000.5,50,-6.823128297066948,3.252453895152807,0.24325364822531423,9.793802245172742,3.129505111862376,7.092494325280991e-05,30.296236734651018,0.0033392027940945352,0.0003565243054431708,0.000622822092876715
140,1276,4,10.0,90.1,5,4000.5,50,-6.827737251478755,4.644702206730118,0.25170175683188195,9.869604401089358,3.141592653589793,0.0009757440264612262,32.437132484139525,0.02813359688574892,0.002781475661926912,0.00505356700031369
141,2144,4,25.0,0.1,5,4000.5,50,-5.127788550850944,1.179198441795919,0.24472487892880387,9.014455802395192,3.002408333720647,0.005331966165005349,30.663816376977852,0.0022299928964575207,0.0015764455433935078,0.00022616966370317437
142,2175,4,25.0,45.1,5,4000.5,50,-5.131454647495682,1.3118878261562905,0.24447514674707263,9.037447949481693,3.006234846029447,0.004815044439161441,30.601265854432917,0.002067176981724559,0.0014495855162850416,0.0001995246389407101
143,2206,4,25.0,90.1,5,4000.5,50,-5.131710479109747,1.3393946645437227,0.24422569992515156,9.040030952739206,3.006664423034138,0.004284895323342146,30.538850559604406,0.001946415287418376,0.0013162173188685535,0.00017769874028610353
144,3074,4,40.0,0.1,5,4000.5,50,-5.419277037606748,4.055664663177237,0.24672120699324948,6.294793940835808,2.5089427934562014,0.0034274222865675577,31.16613323764916,0.004271097284240494,0.006131510458534513,0.0007284728593031332
145,3105,4,40.0,45.1,5,4000.5,50,-5.870354826985167,3.676570770138241,0.2450733552206039,8.765145166337051,2.9605987851002458,0.002066699530862,30.751206112458476,0.002810105789898458,0.0037194355398592204,0.00046001276006007796
146,3136,4,40.0,90.1,5,4000.5,50,-5.982952578860143,3.5847886014868475,0.24478705661159844,9.44491911985533,3.073258713459596,0.0019407614248711025,30.679399978876628,0.0025788677047513336,0.00334035553130601,0.00040575068379246934
147,4004,4,50.0,0.1,5,4000.5,50,-6.832492733654684,4.0795393863859015,0.25206736421716275,9.849816402454353,3.138441715637611,0.00032769856026280606,32.5314335222585,0.00784717690398479,0.013535088222799762,0.0018350818363992987
148,4035,4,50.0,45.1,5,4000.5,50,-6.825859610695559,3.659622183921961,0.248045709109044,9.808898015195355,3.131916029397237,0.0002455937437812614,31.501656987523162,0.004751054167970001,0.005971077952416939,0.0009912486842217742
149,4066,4,50.0,90.1,5,4000.5,50,-6.8282825114009,3.2922748016717436,0.24610501294673062,9.824637028719525,3.134427703540078,0.00018666984200001272,31.010650826087975,0.003484454427521296,0.0033944720814213596,0.000614416781275862
150,285,4,0.001,0.1,6,4309.7,50,-5.151692870333439,4.977845523980639,0.27521958701966065,9.029515185469482,3.0049151710937667,0.3104607671616015,38.781860367063686,0.045618096672504965,0.0713331179118971,0.012202812556078694
151,316,4,0.001,45.1,6,4309.7,50,-5.056234938871781,1.489292926216529,0.24833573126685077,8.577736539483567,2.928777311350859,0.014406419408951269,31.575365331659057,0.0054987073986039895,0.008893277814573632,0.0009265602028790513
152,347,4,0.001,90.1,6,4309.7,50,-5.13284961801603,0.7016477857679299,0.2458210941592329,9.042938865472287,3.0071479620185446,0.006447069372725406,30.939141287233774,0.003385582895127697,0.003722809690607734,0.0004106820087513054
153,1215,4,10.0,0.1,6,4309.7,50,-6.045403229239494,3.398033878852045,0.26111643868452916,9.670987865424452,3.109821195088948,0.3966939707463464,34.909078798245204,0.06928971484386708,0.059503295240150904,0.017175979530798337
154,1246,4,10.0,45.1,6,4309.7,50,-6.0326644619178165,4.233556335386772,0.2599256086544899,9.612349718825277,3.100378963743832,0.30829630964300003,34.59139687148109,0.06411437821069767,0.045594697741368845,0.020508248908015038
155,1277,4,10.0,90.1,6,4309.7,50,-5.659163088691813,3.6924957623656485,0.24562193876642816,7.545814840124847,2.746964659424079,0.010145703887803751,30.889030042654475,0.013350161159870401,0.002748658894429765,0.002613747612188007
156,2145,4,25.0,0.1,6,4309.7,50,-6.796182673208758,5.321524925433416,0.27121967302239786,9.573516947583363,3.094110041285436,0.03984449108010897,37.66277683894821,0.06950395767611452,0.23598729640414834,0.03423427460999272
157,2176,4,25.0,45.1,6,4309.7,50,-6.795737721188264,5.329208919146722,0.2718826440597193,9.56749267861443,3.093136382155567,0.0447636105124723,37.847128125095814,0.06893802105339651,0.24751837892033582,0.03629246700288106
158,2207,4,25.0,90.1,6,4309.7,50,-6.79720609892169,5.305539617224271,0.2701443334178713,9.58549246653546,3.0960446486663367,0.03203855187886788,37.364715959330134,0.07045949091514209,0.21715507434242484,0.03154533274485582
159,3075,4,40.0,0.1,6,4309.7,50,-5.166367170631576,5.4333245131554975,0.3390320420215543,8.745250171353863,2.957236914985653,3.8732891274414785,58.85067538655237,1.045354518328562,0.24253029695845577,0.17976199774605883
160,3106,4,40.0,45.1,6,4309.7,50,-5.163173766314056,5.429087915222624,0.33433756963773875,8.74539751248511,2.9572618268400097,3.591954278702132,57.23218448716039,0.9244754228514948,0.22847865351469973,0.1635851028201295
161,3137,4,40.0,90.1,6,4309.7,50,-5.16552299989117,5.431833411417706,0.3377155369042777,8.745405434731218,2.9572631662960296,3.7961532779695366,58.39451326242644,1.0082216196680036,0.23747734303332063,0.17448759928212906
162,4005,4,50.0,0.1,6,4309.7,50,-6.088900514184018,4.802844628711769,0.3193127878217627,9.348936977947185,3.0576031426506587,7.815532087482979,52.20385597992607,0.4366373559886931,0.0541620960838372,0.04856387020705137
163,4036,4,50.0,45.1,6,4309.7,50,-6.095044290108129,4.828935765537979,0.3125290741773485,9.441630070781189,3.072723559121645,6.721103571820548,50.00930405155727,0.33770190387865856,0.05594737322668955,0.04046927241354999
164,4067,4,50.0,90.1,6,4309.7,50,-6.088457609483578,4.795236429778979,0.3092277874842249,9.431188770291193,3.0710240588916253,6.159951000408946,48.9583740596503,0.2898395117562479,0.05701147290901825,0.037390034336522535
165,287,4,0.001,0.1,8,4059.2,50,-6.040175599390373,4.862197076385557,0.2511185638196154,9.554676477912668,3.0910639718246964,0.12882001682194752,32.286992935232846,0.004678175649807508,0.011760359911098653,0.006145892770333811
166,318,4,0.001,45.1,8,4059.2,50,-6.074617722637865,4.816716798711809,0.25095101426929334,9.767886032998888,3.125361744342387,0.12470173688436012,32.243922711047766,0.004874978835884578,0.011049049605871736,0.005897455830646592
167,349,4,0.001,90.1,8,4059.2,50,-6.036855393744774,4.873145924227131,0.25128137790922855,9.55034945396355,3.0903639678787918,0.13147217313464094,32.32887340310146,0.0044531842209771695,0.012459575308342612,0.006302034046647738
168,1217,4,10.0,0.1,8,4059.2,50,-6.825679744494744,4.896560196422482,0.24886495095816094,9.765589700154138,3.124994352019558,0.07658254486965901,31.710087065679442,0.013550629026977488,0.04386762822011361,0.00550486905522276
169,1248,4,10.0,45.1,8,4059.2,50,-6.825838626863675,4.922396149362249,0.24885512190183673,9.77495176132122,3.126491925676639,0.07116742525311556,31.707582301195124,0.0136101240396515,0.041904968330736626,0.005352554501856232
170,1279,4,10.0,90.1,8,4059.2,50,-6.82877652625255,4.9286898893008715,0.248826053860706,9.783817615973522,3.127909464158693,0.0663506282019062,31.700175393573545,0.013723089197395432,0.04011026511676354,0.00522463180190436
171,2147,4,25.0,0.1,8,4059.2,50,-5.321284236757401,5.011056578449438,0.2591692870020484,9.859476975840332,3.139980410104549,0.04985341652190904,34.390384288083744,0.004712286378752455,0.03869934744138155,0.003761375640236331
172,2178,4,25.0,45.1,8,4059.2,50,-5.318768837401231,5.014020570053519,0.2583577035973585,9.844434809820816,3.1375842315100986,0.0486560343195039,34.175335933780204,0.004176500870686978,0.034683637010079864,0.0033094109016383877
173,2209,4,25.0,90.1,8,4059.2,50,-5.322785530113556,5.0208842107831195,0.2581048608693437,9.869079241823952,3.1415090707849234,0.04957726838827959,34.10847702610922,0.003823370816842354,0.03271947948227177,0.0030639568077604454
174,3077,4,40.0,0.1,8,4059.2,50,-6.0326974622447,3.944293219517694,0.2524813113781651,9.471798116011684,3.0776286514151905,0.0875066360876892,32.63836803948911,0.0027018893862772063,0.02529535974952323,0.002559595574979764
175,3108,4,40.0,45.1,8,4059.2,50,-6.045724403119005,3.9903253814018145,0.25282768878305834,9.587169316664745,3.096315442047975,0.09123623249132082,32.72798218090657,0.0027609906611456604,0.026059979057458348,0.0026327719202624343
176,3139,4,40.0,90.1,8,4059.2,50,-5.963788422512664,3.9082508161236706,0.2523581319606328,9.03827774797671,3.006372855780984,0.0845834609490617,32.60652889557972,0.0027560708796458325,0.024082634537310636,0.0024551460612514424
177,4007,4,50.0,0.1,8,4059.2,50,-6.822655098648882,4.343976902243973,0.24936580952004708,9.765923492076158,3.1250477583672476,0.0546960923295065,31.837853155765067,0.00277150203350234,0.017824204776003567,0.0035657295549093105
178,4038,4,50.0,45.1,8,4059.2,50,-6.82394931037595,4.669835209184108,0.2548998359910267,9.767947869306454,3.125371636990784,0.07571273031585969,33.266650302734874,0.007591441619904029,0.03081617353729056,0.005137551545864573
179,4069,4,50.0,90.1,8,4059.2,50,-6.8265157454293846,4.666789274700459,0.2554219261222109,9.769895598219017,3.125683221028487,0.07650072830271226,33.40306448795861,0.008212217911464138,0.03220044012407525,0.0053018444015745835
180,280,4,0.001,0.1,1,0.0,75,-5.277204799991241,3.563063367531554,0.44055848517252255,9.608888928025436,3.0998207896627568,2.1741648854715554,99.37499069074266,0.018670510566766003,0.44345808740800396,0.05039509057697508
181,311,4,0.001,45.1,1,0.0,75,-5.274731598456961,3.450807397184697,0.40979408986279753,9.798621291476495,3.1302749546128523,0.5320881271729464,85.98077235299941,0.027825649295993883,0.11768849049203399,0.01091173615851731
182,342,4,0.001,90.1,1,0.0,75,-5.230326552186897,4.076712007788814,0.39757261603764626,9.596646594861845,3.097845476272476,0.21019248654606337,80.92876030266203,0.029057522985551063,0.061285836547348045,0.007993205599896955
183,1210,4,10.0,0.1,1,0.0,75,-9.233971272214623,5.271786814216441,6.086703208330764,37.04795573903901,6.086703191304716,7591.140229428683,18968.55337623097,45.720608466776035,17.45480870157936,14.943506695185574
184,1241,4,10.0,45.1,1,0.0,75,-6.010223522204136,3.7418072512366956,0.4366030365560253,9.680742078567514,3.1113890914778746,2.3205616843792027,97.5985722280217,0.020757581300972064,0.34834926120090165,0.030108673149803738
185,1272,4,10.0,90.1,1,0.0,75,-5.254563176844927,4.993416592295116,0.41244227394680566,5.529356513886384,2.351458380215645,0.3203642656046578,87.09561820561635,0.09311276812963207,0.23752595007679725,0.03282986054824551
186,2140,4,25.0,0.1,1,0.0,75,-10.690929550691232,5.03461715504964,5.51901264008769,30.459500483589494,5.519012636657892,855.3649625824625,15595.26424842291,13.439311058620063,3.226067713358314,3.0829971090281547
187,2171,4,25.0,45.1,1,0.0,75,-10.556739937629441,5.056593054724839,5.370319739708533,28.840334070138013,5.370319736304163,840.4887696250191,14766.25104475336,13.493838641223666,3.40730829833473,3.147916935158098
188,2202,4,25.0,90.1,1,0.0,75,-6.827318770193975,4.586689362868185,0.41420817377509755,9.862421665039774,3.140449277577935,0.8868979771602321,87.8430264944846,0.04025342504382986,0.08092763642989366,0.04334765656729533
189,3070,4,40.0,0.1,1,0.0,75,-5.360772329753389,5.074179418285414,0.4334801785129737,9.858239399572204,3.1397833364059062,1.1424872653288967,96.20739330445618,0.02325051433361442,0.07920352710745836,0.0470278260537858
190,3101,4,40.0,45.1,1,0.0,75,-5.3602163738199415,5.157413635175407,0.4346359326704083,9.8572726715731,3.1396293844294902,1.1231244243196368,96.72109765699756,0.06200835145752026,0.10767468893210748,0.049982869483470166
191,3132,4,40.0,90.1,1,0.0,75,-5.345794122016837,5.142288792669282,0.4337814577624969,9.770398503337896,3.1257636672240428,1.0965916232882529,96.34117273204754,0.04548351754049515,0.09323716467082699,0.04983445975354041
192,4000,4,50.0,0.1,1,0.0,75,-6.1432637510101324,4.929099881845307,0.3972141428275817,9.796805110407536,3.1299848418814324,1.500180803287172,80.78288647874255,0.03339948265296565,0.1616949055873057,0.026866730852575692
193,4031,4,50.0,45.1,1,0.0,75,-6.099517872103918,4.889811462907236,0.4119153078897731,9.795537546053072,3.1297823480320597,1.4866303918664696,86.87320104411828,0.1810471892225085,0.0706307021657276,0.029133761611641662
194,4062,4,50.0,90.1,1,0.0,75,-6.15094381371747,4.947234002332308,0.39626648809075027,9.840568201279968,3.136967994940332,1.5390584543048382,80.39789028821848,0.022014467143676046,0.13558649166893433,0.02080494830353495
195,281,4,0.001,0.1,2,1760.3,75,-6.815729184602119,5.269548896355671,0.413000828198989,9.73909222503474,3.1207518685462228,0.2498274992925536,87.33167821230825,0.291693627267686,0.2616128721517543,0.07225709185895789
196,312,4,0.001,45.1,2,1760.3,75,-6.809470878886696,5.274827273241568,0.4120475371700989,9.69915490604902,3.1143466258669763,0.14514582344192167,86.92898448119202,0.2740659726049064,0.2546621788588262,0.07986944158767638
197,343,4,0.001,90.1,2,1760.3,75,-6.801706894661899,5.281948926075514,0.41213142406621633,9.667496086409542,3.109259732864005,0.07641139770797112,86.96438304660089,0.2769102194666418,0.2505921333092264,0.09175763587225384
198,1211,4,10.0,0.1,2,1760.3,75,-5.355342068189865,5.290971528747075,0.4162193629557624,9.85868388775865,3.139854118865819,0.8918867177787732,88.69814170847887,0.0615281754248041,0.3113769497251537,0.04866827128405253
199,1242,4,10.0,45.1,2,1760.3,75,-5.3571092552726896,5.270701144013911,0.4151428418786258,9.861079216818714,3.1402355352455196,0.9520957783520198,88.23991249212683,0.04321814644772548,0.3316623548910695,0.04427287943508968
200,1273,4,10.0,90.1,2,1760.3,75,-5.391094607753949,5.184272663157471,0.4430524900364801,9.866438000362175,3.1410886648361545,2.9771796944068556,100.5033004663075,0.057761520731578676,0.20925937199943057,0.03803447363693255
201,2141,4,25.0,0.1,2,1760.3,75,-6.067766850463674,3.416502659290527,0.40994150387434003,9.563296755690354,3.0924580442894216,2.0290301611111174,86.04264265996453,0.08078975398224308,0.47925885100022037,0.04293410700853194
202,2172,4,25.0,45.1,2,1760.3,75,-6.038429850029692,3.579240806004693,0.40996820097564696,9.477441410330131,3.0785453399828517,1.9952350939270223,86.05384993764054,0.0789783564296128,0.4802660326273485,0.04330698653982992
203,2203,4,25.0,90.1,2,1760.3,75,-5.9948817126127665,4.3477096950633864,0.4322363747488283,9.199700368426198,3.033100784416205,3.3729325757820394,95.65608114940001,0.07715177062622887,0.30656205505188455,0.03420322701395264
204,3071,4,40.0,0.1,2,1760.3,75,-6.753108311030029,5.051643962218126,0.41305644330662844,9.348327053608827,3.0575034020600578,2.0172004914352395,87.35520013261844,0.22164817416314814,0.6335501205881218,0.07813002223598264
205,3102,4,40.0,45.1,2,1760.3,75,-6.807140717269922,5.219827170932864,0.4533135787549414,9.699562833278438,3.1144121168012493,2.5874108717281117,105.21251866366751,0.032579859087992616,0.7257996703397386,0.11179108633229881
206,3133,4,40.0,90.1,2,1760.3,75,-6.808556052391571,5.2172532785372185,0.4527962689912931,9.705736067070555,3.115403034451651,2.554411620865562,104.97252405456852,0.030295297179050284,0.7102463451709239,0.10822895202571899
207,4001,4,50.0,0.1,2,1760.3,75,-46.20240292486496,4.845208975349607,43.75150583242188,1914.1942626044456,43.75150583242188,980067.4624534815,305277.1291109617,515.9357127538441,237.61935746566417,138.4441722767436
208,4032,4,50.0,45.1,2,1760.3,75,-19.313588685420363,5.29572846770128,16.75617716015625,280.7694730225419,16.75617716015625,143753.97018754313,84733.9290542872,677.1583959729445,216.4421914871571,153.25831125988958
209,4063,4,50.0,90.1,2,1760.3,75,-12.988460469041256,5.343476304890274,10.476072037109375,109.74808532670498,10.476072037109375,56191.01968727267,45578.88882226801,379.72562214750576,121.49519556658063,103.4133051274357
210,282,4,0.001,0.1,3,3520.7,75,-4.893991419333185,2.383056590153582,0.3745594325670072,7.315736787114604,2.70476187253418,0.005264595880211329,71.83092148014114,0.0048839045419302,0.002659569034975402,0.00028698437121672734
211,313,4,0.001,45.1,3,3520.7,75,-40.18531964897777,5.038928291979249,36.902910960937504,1361.8248373908814,36.902910960937504,697254.3167441316,327114.9282300256,883.4435387633072,190.83710818350278,172.0118824405963
212,344,4,0.001,90.1,3,3520.7,75,-16.194702296512094,5.1937096789505475,12.964380019396538,168.07514843043484,12.96437998634855,32197.290428021563,86054.47614224955,182.65880198824172,30.98504604828768,36.629236868025146
213,1212,4,10.0,0.1,3,3520.7,75,-5.78980676808507,3.0801205044657807,0.37417171147309936,7.998657061442897,2.828189714542307,0.0031185894800176282,71.68228846887871,0.007558887387346786,0.002757717083236555,0.0007919630895123145
214,1243,4,10.0,45.1,3,3520.7,75,-5.803223041807275,3.055782921683049,0.3741046456608262,8.0748247394823,2.841623609748888,0.0030742149911027338,71.65659438290434,0.007444169915354031,0.0026704302792794218,0.0007696787786057611
215,1274,4,10.0,90.1,3,3520.7,75,-28.979471736483497,5.135392383518756,25.05452863611209,627.7294036320552,25.05452860526526,37335.98401362572,321397.4548570013,222.26935120315238,310.66305872111985,98.216951165852
216,2142,4,25.0,0.1,3,3520.7,75,-6.827373434795959,3.406396104067196,0.37420625182335177,9.869604401089358,3.141592653589793,8.713369553820413e-05,71.69552327593999,0.007664879181248826,0.00021341975771060366,0.00088003036259642
217,2173,4,25.0,45.1,3,3520.7,75,-6.8313399055311255,3.3827757429962606,0.37409674596720494,9.869604401089358,3.141592653589793,7.367981518826364e-05,71.65356817305944,0.007479159122933493,0.00021590706050942705,0.0008602390346106454
218,2204,4,25.0,90.1,3,3520.7,75,-6.83695592871627,3.365225184695083,0.374023303365419,9.869604401089358,3.141592653589793,6.265055123551045e-05,71.62543690506737,0.007359143268490274,0.00021631687315180884,0.0008412929131198584
219,3072,4,40.0,0.1,3,3520.7,75,-5.323177991287317,1.2874397313238264,0.3741204152570626,9.817114023557615,3.1332274133164377,0.007898340445549023,71.66263557225915,0.004686768641916207,0.0007300190822357786,0.00022129549249051917
220,3103,4,40.0,45.1,3,3520.7,75,-5.324301549553989,1.3403461791525682,0.3743306921786513,9.823180835383148,3.1341954047862344,0.008536407824554993,71.74321515337571,0.00484853362685908,0.0007666167430615866,0.00024231997816238224
221,3134,4,40.0,90.1,3,3520.7,75,-5.324172696928646,1.3158744484250364,0.37422956667557855,9.822820198774947,3.1341378716921415,0.008240809769088834,71.7044575047145,0.0047699453096346905,0.0007506955349307413,0.00023158969941292103
222,4002,4,50.0,0.1,3,3520.7,75,-5.983324462755195,3.3718562494562887,0.37445719136785705,9.132162426342529,3.021946794095245,0.0025429500026918957,71.79171234117686,0.0062252710595544734,0.0037334046173482147,0.0006122317590069537
223,4033,4,50.0,45.1,3,3520.7,75,-5.985620082965848,3.3690336367100686,0.37444664698967683,9.146058399647787,3.0242450958293356,0.0025368341906738105,71.7876692178261,0.006212278424235919,0.0037190954486108043,0.0006096805706108236
224,4064,4,50.0,90.1,3,3520.7,75,-5.934486886329029,3.4409356874333277,0.37468506730430295,8.839052990365566,2.973054488294079,0.0026693812797922143,71.87911662598528,0.006507985643329094,0.0040291127661836925,0.0006701377924792652
225,284,4,0.001,0.1,5,4000.5,75,-5.792043016574791,3.0619285645051306,0.37461353059834196,8.359981049370157,2.8913631818521446,0.004276295430023908,71.85167222042548,0.007555888467485099,0.00464946816959396,0.0009541880798920222
226,315,4,0.001,45.1,5,4000.5,75,-5.962215732521946,4.726162225703738,0.38925485492954437,8.96968564557819,2.994943345971371,0.03378608330779706,77.57790314591422,0.0574249379118261,0.058353462747471045,0.010880109584890836
227,346,4,0.001,90.1,5,4000.5,75,-5.729057862122078,3.708948706159375,0.37697526885827637,7.652709742071162,2.766353148473846,0.006473050684295265,72.7605009045102,0.01270263875461331,0.008675282278632282,0.002067448174831737
228,1214,4,10.0,0.1,5,4000.5,75,-6.889378631086172,3.4879976813193423,0.3743395928987124,9.73866746580081,3.120683813814019,1.993661298781307e-05,71.74662697227483,0.008946396393227612,0.0002562763785616981,0.0012148290142742157
229,1245,4,10.0,45.1,5,4000.5,75,-6.884735104637021,3.40340420551276,0.37397896916738177,9.73454152290726,3.1200226798706545,5.999171709451063e-06,71.60845791929766,0.008157600355983067,0.0002589545899730389,0.0011325870317840279
230,1276,4,10.0,90.1,5,4000.5,75,-6.889516028605786,4.787226691798127,0.388627338818026,9.869604401089358,3.141592653589793,0.014923810417164776,77.32797872864774,0.07394152807526928,0.0021143084218461783,0.011433567348232948
231,2144,4,25.0,0.1,5,4000.5,75,-5.184574298488956,0.5685509566752579,0.37548187870804106,9.408453921020163,3.067320316012034,0.012977253435600107,72.18516030705317,0.005509800932175509,0.0021032328991735637,0.00034406706934323367
232,2175,4,25.0,45.1,5,4000.5,75,-5.25628856510116,0.5904999929680804,0.3749668889830476,9.85679513575029,3.1395533337961132,0.01044070120170001,71.98728592463209,0.005226222539657136,0.0018401063125717961,0.00035446264924884414
233,2206,4,25.0,90.1,5,4000.5,75,-5.2317091988793285,0.47648238605967913,0.3746070878892385,9.704714630674623,3.115239096871157,0.009250699797011201,71.84920078626149,0.004871172674033309,0.0017237572847017782,0.0003128709471624824
234,3074,4,40.0,0.1,5,4000.5,75,-5.358032503741432,4.06416234710866,0.3783595833135126,6.03383862284715,2.456387311245348,0.0076102841708652865,73.29585883353697,0.011010501144880688,0.01115170345190541,0.001754202546707256
235,3105,4,40.0,45.1,5,4000.5,75,-5.730299512918365,3.698079071199002,0.37585473473878006,8.008199729555114,2.8298762746019683,0.0035506434514876355,72.32859219179291,0.007508567632686558,0.006666292804414257,0.0009618599851524682
236,3136,4,40.0,90.1,5,4000.5,75,-5.845267450911848,3.5954133097413963,0.3754396804209114,8.672568816167598,2.944922548415764,0.003342544004850218,72.16893626032606,0.006837937954062495,0.006049936981182521,0.0008602008860852646
237,4004,4,50.0,0.1,5,4000.5,75,-6.954454350347236,4.315517670489134,0.3873656516710959,9.869604401089358,3.141592653589793,0.00014072209987463233,76.82669981819912,0.022665306087228828,0.025949105186211022,0.0040867458078825995
238,4035,4,50.0,45.1,5,4000.5,75,-6.807739214668775,3.8372444286221485,0.3809907289392034,9.7606582050881,3.1242052117439565,6.129871638937968e-05,74.31881499081422,0.012679528473459828,0.011363147357005545,0.0017873739814285334
239,4066,4,50.0,90.1,5,4000.5,75,-6.988015769038772,3.4695836221758203,0.37785837786226534,9.740831188962195,3.121030469085843,8.895350749755787e-06,73.10180030165739,0.00900732202190448,0.006363785370049926,0.0011120539076040035
240,285,4,0.001,0.1,6,4309.7,75,-5.113522361328421,4.974371505675331,0.4252928413435104,8.742481888788063,2.9567688257264995,1.0154403621502874,92.60748839460364,0.0731481539979272,0.09142900107090056,0.02653540338030777
241,316,4,0.001,45.1,6,4309.7,75,-5.192338872321306,2.2543050281705383,0.3824908935343011,9.427110122781201,3.0703599337506344,0.048766463229431525,74.90523320733064,0.014591691900016818,0.014915185909923537,0.0014787209243092825
242,347,4,0.001,90.1,6,4309.7,75,-5.206756864159992,1.44397881395976,0.37796961067373414,9.536862922357502,3.088181167347133,0.02068555295537261,73.14484560604627,0.008414139517150492,0.005997197962747001,0.0006882422347944339
243,1215,4,10.0,0.1,6,4309.7,75,-6.038235071811062,4.410337720496035,0.40207020781294645,9.599722559665034,3.0983419049009155,0.9076178723443185,82.77015139940801,0.1253053830932523,0.10097155442284564,0.030391955202787986
244,1246,4,10.0,45.1,6,4309.7,75,-6.012041019170456,4.447474204967265,0.3999169309982752,9.461057153036398,3.0758831500946844,0.75371857135902,81.88597844299558,0.11282344241279087,0.07573337822152668,0.026542303116070066
245,1277,4,10.0,90.1,6,4309.7,75,-5.792644199816323,4.0735836573825575,0.3778619732845554,8.345070627686274,2.8887835896249263,0.018869451668944315,73.10319147518993,0.03265843567960822,0.002212373362118363,0.005338143095006714
246,2145,4,25.0,0.1,6,4309.7,75,-6.786883532006519,5.316327091098453,0.41645695726033205,9.555319001564955,3.0911679025192007,0.08035416010157859,88.79943536993343,0.15130299418388013,0.4724296290985343,0.09438401826923909
247,2176,4,25.0,45.1,6,4309.7,75,-6.786904685584953,5.3242409097289265,0.4178287472524161,9.552185111500783,3.090660950589822,0.08727165124899018,89.38540133660321,0.15439967248927797,0.505887392032632,0.10283504974198078
248,2207,4,25.0,90.1,6,4309.7,75,-6.787185082055338,5.302721109288014,0.4143169930874776,9.563404151244978,3.092475408349269,0.06796757290523893,87.88918820828277,0.14711662410987286,0.4190102780328754,0.08094536559054143
249,3075,4,40.0,0.1,6,4309.7,75,-5.137046463960516,5.40725652828634,0.4715593647772427,8.74488105671385,2.95717450562422,2.3433510889524545,113.85253598530163,1.233949006523669,0.366685546187167,0.2027783351830381
250,3106,4,40.0,45.1,6,4309.7,75,-5.135880904926113,5.403314949799985,0.4670906869565027,8.744514608347396,2.9571125457695038,2.267521582751191,111.70493935967609,1.0510533833603262,0.3642483739418829,0.1846177823151191
251,3137,4,40.0,90.1,6,4309.7,75,-5.136557227127362,5.406005796612917,0.47020088014744166,8.745012504532054,2.9571967307793465,2.308052914455653,113.1975001759556,1.1820541409225587,0.36435435390183185,0.19652996272471213
252,4005,4,50.0,0.1,6,4309.7,75,-6.036142117634102,4.943547342809249,0.44450804868497934,9.112260463557183,3.018652093825518,7.336006094712496,101.1647513491713,0.6643167396444959,0.0651782011114034,0.05791958054975479
253,4036,4,50.0,45.1,6,4309.7,75,-5.984247070465338,4.916530051056229,0.44108917860087415,8.81233021696845,2.968556925000504,7.117048261131578,99.61454752177106,0.4976977941690058,0.08701967166423688,0.047837075170683946
254,4067,4,50.0,90.1,6,4309.7,75,-5.979393260695485,4.953702698358922,0.44016300744590886,8.783143276549293,2.9636368327697125,7.125052787085327,99.19665806419445,0.391445136497649,0.10103923998034076,0.03929144626458071
255,287,4,0.001,0.1,8,4059.2,75,-6.094635060970783,4.642929349325176,0.38738661757605497,9.791821671522248,3.129188660263591,0.3092171482846203,76.83501641389647,0.01101266527216735,0.017016817754138873,0.009185466857867844
256,318,4,0.001,45.1,8,4059.2,75,-6.0818864171014635,4.60593396231838,0.3871140453779557,9.71818822267483,3.117400876158668,0.2977220204028307,76.72692945228526,0.011583336222272918,0.015744924324861916,0.008908606453745499
257,349,4,0.001,90.1,8,4059.2,75,-6.083845449982819,4.651201612921135,0.3876350706113558,9.734193007370731,3.11996682792794,0.3176778680866029,76.93360533670467,0.01043463986268903,0.018238461745601182,0.009353058529911713
258,1217,4,10.0,0.1,8,4059.2,75,-6.82484107555528,4.823006185102445,0.38384501255553494,9.842180732296947,3.137225005047765,0.13539685260273904,75.43654073939702,0.031220976490463164,0.07491084194082362,0.010701489132713102
259,1248,4,10.0,45.1,8,4059.2,75,-6.818328879463289,4.8465454329923485,0.3838268473919761,9.833569261728424,3.1358522385036616,0.12453057373902253,75.42940095887568,0.03151013061935055,0.07189722172629544,0.010524229581417074
260,1279,4,10.0,90.1,8,4059.2,75,-6.820307848030614,4.855124603237396,0.38378126402197377,9.825426299956817,3.134553604575429,0.11486037887890842,75.41148599510751,0.03183903350453695,0.0691165179624126,0.010373054837567262
261,2147,4,25.0,0.1,8,4059.2,75,-5.330666849515418,4.854910810853109,0.3973108042728314,9.858509097131224,3.1398262845468414,0.14952985099370744,80.82220807982141,0.009861887650204314,0.06004759272493972,0.005193995545249611
262,2178,4,25.0,45.1,8,4059.2,75,-5.328149651305969,4.845647777360537,0.3960976550651918,9.844900649540248,3.137658466044424,0.1434783324296522,80.32939638411662,0.00889720655213382,0.05381219968609055,0.004627819975595767
263,2209,4,25.0,90.1,8,4059.2,75,-5.3307155977774165,4.858753955101581,0.3957179948325701,9.860466739855035,3.1401380128674337,0.1449632057922706,80.17547847594992,0.008334061191856807,0.050590675033878804,0.004338218280048958
264,3077,4,40.0,0.1,8,4059.2,75,-5.9997444112528875,3.5750717610966607,0.3866272086686678,9.228674143669501,3.0378732928924967,0.20160578493091813,76.5340664021205,0.007245933113834494,0.042954855602413355,0.004016340753028721
265,3108,4,40.0,45.1,8,4059.2,75,-5.897028939471339,3.6626392453662886,0.38716312385836377,8.569446967094562,2.927361775916083,0.20965249598954133,76.74638563028213,0.007554841638858997,0.04447871270941482,0.004185183302052
266,3139,4,40.0,90.1,8,4059.2,75,-5.81247685815725,3.6158177611007596,0.38649089986440827,8.030981277546324,2.833898600434801,0.19327679865345712,76.48011040684662,0.007510003808033849,0.041234550071442694,0.003934178463248141
267,4007,4,50.0,0.1,8,4059.2,75,-6.825125112715245,4.058134277231611,0.3820507075298722,9.869288374575753,3.1415423560053672,0.13211078156166425,74.73292446384161,0.006464616539411253,0.027320419641268162,0.005095086095088383
268,4038,4,50.0,45.1,8,4059.2,75,-6.82444460590556,4.48205660163365,0.390742326080364,9.855899689768382,3.1394107233314315,0.17013507998659472,78.17193746106197,0.018967273932922173,0.05083568818737583,0.008546560808890382
269,4069,4,50.0,90.1,8,4059.2,75,-6.821115673586723,4.5051798176624,0.3915729093901588,9.852799203572612,3.1389168838267465,0.17073157157828564,78.50462378536035,0.020677551077388133,0.05346689734384445,0.008945307911318373
